,Name,Age
0,Kathleen Jones,97
1,Gabriel Thompson,99
2,Patrick Kelly,79
3,James Bryant,100
4,Kathleen Peterson,68
5,Sierra Kaufman,54
6,Debra Williams,96
7,Kristy Combs,68
8,Chelsey Brown,56
9,Gregory Williams,92
10,Gregory Smith,73
11,Karen Hardy,89
12,Emily Edwards,83
13,Kaitlyn Gaines,68
14,Mr. Jacob White,54
15,Ellen Lewis,79
16,Margaret Johnston,82
17,Chad Brown,92
18,Charles Steele,98
19,Richard Hall,78
20,Carolyn James,72
21,Brian Barajas,62
22,Emily Rojas,99
23,Tommy Griffin,51
24,Jason Johnston,72
25,Kimberly Martinez,93
26,Megan Howard,66
27,Sarah Ortiz,94
28,Joseph Harris,72
29,Christopher Middleton,82
30,Cheryl Peterson,76
31,Austin Schultz,77
32,Ryan Diaz,53
33,Jeremy Perez,54
34,Marvin Payne,59
35,James Franco,89
36,Jerry Howell,70
37,Joseph Brown,99
38,John Wheeler,87
39,Crystal Matthews,79
40,Karen Jackson,66
41,Peter Jones,83
42,Gabriel Smith,72
43,Peter Johnson,57
44,Nathan Pacheco,99
45,Nicole Johnson,77
46,Candace Martinez,91
47,Kelsey Morgan,57
48,Richard Moss,68
49,Nicole Terry,51
50,Michael Hunt,58
51,Patricia Lambert,100
52,Sarah Cardenas,71
53,Bonnie Keller,66
54,Deanna Brown,93
55,Joshua Peck,84
56,Jeremy Gaines,81
57,Alicia Santos,84
58,Michael Grimes,71
59,Charles Clark,95
60,Angela Mcmillan,62
61,Clifford White,67
62,James Baldwin,67
63,John Mitchell,68
64,Robert Jones,96
65,Brian Stephenson,62
66,Luis Mason,80
67,James Hall,68
68,Roy Hill,92
69,Joshua Walker,56
70,Sara Zimmerman,62
71,Joseph Hernandez,94
72,Mary Wagner,86
73,Brittney Rhodes,93
74,Brenda Torres,61
75,Heather King,100
76,Christopher Fleming,91
77,Deanna Johnson,79
78,Kevin Hicks,98
79,Nicholas Martin,98
80,Kimberly Braun,59
81,Robert Salazar,50
82,Trevor Chapman,68
83,Sarah Ortiz,66
84,Amber Martinez,76
85,Joshua Molina,65
86,Dennis Mathews,62
87,Bonnie Wolfe,100
88,Cynthia Flores,83
89,Daniel Brewer,84
90,Kimberly Le,50
91,Steven Peterson,97
92,Jason Simon,74
93,Chad Riddle,57
94,Christopher Butler,67
95,Courtney Matthews,92
96,Christopher Hall,68
97,Vicki Cruz,87
98,Danny Washington,95
99,Gary Palmer,99
100,Kelly Douglas,76
101,Charles Wilkins,56
102,Ethan Wright,66
103,Allison Wolf,78
104,Kevin Fleming,79
105,Christy Pittman,88
106,Charles Austin,92
107,David Miller,97
108,Shannon Noble,71
109,Oscar Schneider,91
110,Douglas Mccoy,84
111,Michael Perez,63
112,Todd Adams,66
113,Tiffany Swanson,56
114,Alejandro Green,63
115,Richard Saunders,54
116,Shelby Guzman,98
117,Michelle Brown,64
118,Tammy Chase,81
119,Dean Jones,92
120,Scott Nelson,96
121,Joshua Reed,85
122,Michael Reynolds,50
123,Alexander Delgado,65
124,James Carey,83
125,Jaime Huff,71
126,Karina Barton,69
127,Michael Welch,81
128,Angela Ramos,66
129,Zachary Butler,71
130,Kenneth Thomas,72
131,Peter Nelson,85
132,Stacey Duncan,80
133,John Dennis,81
134,Patricia Ward,59
135,Jamie Wells,51
136,Aaron Estrada,100
137,Christian Hernandez,74
138,Dennis Maldonado,74
139,Holly Jackson,59
140,David Maxwell II,61
141,Andrew Paul,95
142,Jessica Taylor,53
143,Spencer Rivera,90
144,Crystal Zhang,51
145,Kimberly Forbes,58
146,Brianna Murphy,100
147,Rebecca Hudson,80
148,Christina Torres,85
149,Cassandra Hartman DDS,100
150,Julie Park,54
151,Jean Martin,82
152,Nicole Graham,82
153,Christopher Newton,92
154,Claudia Cortez,71
155,Lance Mcdonald,68
156,Michael Osborne,51
157,Margaret Hernandez,83
158,Laura Barrera,87
159,Julie Fox,97
160,Jennifer Sandoval,70
161,Randy Lynn,68
162,Lori Paul,93
163,Marcus Perkins,80
164,Debbie White,58
165,Robin Rivas,65
166,Kenneth Esparza,55
167,Aaron Walker,80
168,Rachel Mills,81
169,James Patterson,79
170,Keith Mckay,76
171,Dawn Brooks,76
172,Harold Hall,63
173,John Cantu,77
174,Robert Massey,65
175,Tammy Patterson,55
176,Robert Mcguire,72
177,Wanda Melendez,81
178,Rebecca Wells,96
179,Jessica Simpson,74
180,Michael Beasley,75
181,Lindsey Sexton,80
182,Robert Brewer,84
183,Joshua Holloway,56
184,Angel Murray,55
185,Krista Zimmerman,87
186,Carlos Meyer,90
187,Tara Roberts,54
188,Jacqueline Collins,88
189,David Wilson,51
190,Barbara Crawford,87
191,Karen Riley,82
192,Jacob Acevedo,69
193,Alexandra Solis,51
194,Tyler White,80
195,Jade Woodward,82
196,John Hill,80
197,Jillian Sharp,72
198,Mr. Gary Bell,54
199,Anthony Davis,74
200,Ellen Johnson,79
201,Emily Glover,70
202,Travis Ford,82
203,Nichole Sullivan,82
204,Erica Beltran,78
205,Cynthia Craig,96
206,Adam Smith,69
207,Robert Soto,66
208,Jonathan Johnson,100
209,Austin Lambert,99
210,Lisa Reed,64
211,Katie Reyes,97
212,Nancy Ritter,76
213,Mrs. Christine Barnes,95
214,Michael Cannon,69
215,Anthony Washington,55
216,Jason Castillo,75
217,Brianna May,87
218,Mr. Jerry Higgins MD,97
219,Leah Humphrey,76
220,Julie Jimenez,94
221,Kathleen Travis,65
222,Dr. Jorge Martinez,89
223,Robert Johnson,68
224,Gregory Sherman,85
225,Sarah Price,78
226,Dennis Terry,74
227,John Lane,58
228,Caitlin Cooper,52
229,Patrick Morgan,77
230,Nicholas Dawson,96
231,Victoria Jackson,68
232,Heather Barrera,92
233,Sarah Day,65
234,Dr. Amanda Armstrong MD,57
235,Amy Mccarty,54
236,Tony Davis,55
237,Lori Odom,69
238,Corey Rivera,92
239,Michael Scott,68
240,Marie Marshall,96
241,Jessica Villegas MD,100
242,Samantha Smith,72
243,Kayla Soto,92
244,Samantha Anderson,100
245,Aaron Reed,63
246,Regina Carr,77
247,Kelly Carter,85
248,Tammy Rhodes MD,65
249,Christopher Glenn,73
250,Aaron Brewer,76
251,Tammy Ferguson,75
252,Jennifer Williams,94
253,Audrey Garza,52
254,Rachel Ballard,70
255,Kathleen Hamilton,64
256,Mrs. Melissa Webster,55
257,Raymond Arnold Jr.,84
258,Alejandro Serrano,88
259,Lisa Mason,55
260,Brian Anderson,51
261,Raymond Carter,72
262,Steven Mann,50
263,Karen Brandt,78
264,Jacqueline King,67
265,Joshua Webster DDS,70
266,Tracie Johnson,80
267,Donald Brown,94
268,Kathryn Tucker,94
269,Sharon Brown,61
270,John Hancock,65
271,Ryan Meyer,66
272,Kristen Butler,85
273,Kathryn Osborne,74
274,Stephanie Martin,50
275,Nicole White,97
276,Anna Landry,72
277,William Graham,96
278,Valerie Macdonald,76
279,Michael Morrison,71
280,Ryan Moore,95
281,Amanda Rodriguez,91
282,Paul Frey,92
283,Lisa Jimenez,94
284,Joseph Allen,65
285,James Small,82
286,Brandy Rogers,52
287,Justin Freeman,71
288,Theresa Johnson,73
289,Bryan Hughes,96
290,Ronald Brown,84
291,Ashley Dyer,88
292,Robin Lambert,77
293,Dustin Shaw,84
294,Paula Tucker,58
295,William Sanchez,71
296,Michael Myers,86
297,Kristen Garcia,66
298,Christina Williams,78
299,Heather Harvey,53
300,Patrick Pham,86
301,Steven Silva,77
302,Douglas Perry,84
303,Keith Ramirez,82
304,Pamela Wilson,77
305,Kelsey Stanley,82
306,Tammy Wolf,96
307,David Kirk Jr.,55
308,Juan Lane,59
309,Mary Reed,60
310,Mr. Gabriel Campbell,92
311,Marcia Smith,70
